{
  "n_layers": 2,
  "n_qubits": 4,
  "feature_names": [
    "sepal length (cm)",
    "sepal width (cm)",
    "petal length (cm)",
    "petal width (cm)"
  ],
  "class_names": [
    "setosa",
    "versicolor",
    "virginica"
  ],
  "scaler_min": [
    4.3,
    2.0,
    1.0,
    0.1
  ],
  "scaler_max": [
    7.9,
    4.4,
    6.9,
    2.5
  ],
  "scaler_range": [
    0,
    3.141592653589793
  ],
  "thetas": {
    "0": [
      2.953454251537361,
      6.489771087011338,
      3.719882487874548,
      3.645267133378226,
      1.490139036351542,
      1.6359525164024682,
      0.4448091831313948,
      6.250587014616416
    ],
    "1": [
      0.8499414828993171,
      3.2902928700153047,
      1.8788562358780991,
      0.0321755305941395,
      1.6762502564482402,
      5.246769599907374,
      4.8816520419166505,
      3.438953079920182
    ],
    "2": [
      5.618906695905673,
      0.5652236254196197,
      5.831296134306404,
      3.1861306941091527,
      2.8934739729241676,
      2.843660798695779,
      3.0488727692421143,
      3.1494508039489886
    ]
  },
  "test_accuracy": 0.9
}